ID,Name,PhotoUrl
362207100,Ida Alvarez,https://randomuser.me/api/portraits/thumb/women/7.jpg
742404669,Carlos Hunter,https://randomuser.me/api/portraits/thumb/men/76.jpg
217654993,Derek Neal,https://randomuser.me/api/portraits/thumb/men/39.jpg
882422270,Pearl Taylor,https://randomuser.me/api/portraits/thumb/women/23.jpg
44204997,Edward Ruiz,https://randomuser.me/api/portraits/thumb/men/51.jpg
452641115,Kirk Mason,https://randomuser.me/api/portraits/thumb/men/0.jpg
613586917,Leona Gordon,https://randomuser.me/api/portraits/thumb/women/72.jpg
804897622,Stephen Terry,https://randomuser.me/api/portraits/thumb/men/41.jpg
565894149,Billie Lewis,https://randomuser.me/api/portraits/thumb/women/21.jpg
478249210,Dale Prescott,https://randomuser.me/api/portraits/thumb/men/66.jpg
